{
"lengthUnit": "mil",
"components": {
	"fields": ["COMPONENT_NO", "COMPONENT_NAME", "LAYER", "X_COORDINATE", "Y_COORDINATE", "ANGLE"],
	"rows": [
		[1, "CN2", "T", 920, -1250, 90],
		[2, "CN3", "T", 620, -1270, 270],
		[3, "CN4", "T", 1600, -1185, 270],
		[4, "J1", "T", 1515, -945, 180],
		[5, "J2", "T", 1515, -745, 0],
		[6, "U1", "T", 1155, -745, 180],
		[7, "U6", "T", 855, -810, 180],
		[8, "U7", "T", 1335, -1170, 270],
		[9, "U8", "T", 1160, -1171.1, 270]
	]
},
"pins": {
	"fields": ["PIN_NO", "PIN_NAME", "PIN_X", "PIN_Y", "LAYER", "PIN_TYPE", "NET_NAME", "NET_TYPE", "PAD_SHAPE", "PAD_SIZEX", "PAD_SIZEY", "HOLE_SIZE", "PAD_ANGLE"],
	"rows": [
		[1, "CN2_2", 825.51, -1309.05, "T", "DIP", "$1N1925", "", "O", 70.87, 47.24, 47.24, 90],
		[2, "CN2_2", 825.51, -1309.05, "B", "DIP", "$1N1925", "", "O", 70.87, 47.24, 47.24, 90],
		[3, "CN2_3", 1014.49, -1387.79, "T", "DIP", "$1N1925", "", "O", 70.87, 47.24, 47.24, 90],
		[4, "CN2_3", 1014.49, -1387.79, "B", "DIP", "$1N1925", "", "O", 70.87, 47.24, 47.24, 90],
		[5, "CN2_4", 1014.49, -1112.2, "T", "DIP", "$1N2419", "", "O", 70.87, 47.24, 47.24, 90],
		[6, "CN2_4", 1014.49, -1112.2, "B", "DIP", "$1N2419", "", "O", 70.87, 47.24, 47.24, 90],
		[7, "CN3_1", 620, -1320, "T", "DIP", "$1N1925", "", "C", 66.93, 66.93, 39.37, 90],
		[8, "CN3_1", 620, -1320, "B", "DIP", "$1N1925", "", "C", 66.93, 66.93, 39.37, 90],
		[9, "CN3_2", 620, -1220, "T", "DIP", "$1N2419", "", "C", 66.93, 66.93, 39.37, 90],
		[10, "CN3_2", 620, -1220, "B", "DIP", "$1N2419", "", "C", 66.93, 66.93, 39.37, 90],
		[11, "CN4_1", 1600, -1135, "T", "DIP", "$1N1925", "", "R", 78.74, 78.74, 47.24, 270],
		[12, "CN4_1", 1600, -1135, "B", "DIP", "$1N1925", "", "R", 78.74, 78.74, 47.24, 270],
		[13, "CN4_2", 1600, -1235, "T", "DIP", "$1N2419", "", "C", 78.74, 78.74, 47.24, 270],
		[14, "CN4_2", 1600, -1235, "B", "DIP", "$1N2419", "", "C", 78.74, 78.74, 47.24, 270],
		[15, "J1_1", 1615, -945, "T", "DIP", "$1N1925", "", "C", 98.42, 98.42, 62.99, 180],
		[16, "J1_1", 1615, -945, "B", "DIP", "$1N1925", "", "C", 98.42, 98.42, 62.99, 180],
		[17, "J1_1", 1415, -945, "T", "DIP", "$1N1925", "", "C", 98.42, 98.42, 62.99, 180],
		[18, "J1_1", 1415, -945, "B", "DIP", "$1N1925", "", "C", 98.42, 98.42, 62.99, 180],
		[19, "J2_1", 1415, -745, "T", "DIP", "$1N2419", "", "C", 98.42, 98.42, 62.99, 0],
		[20, "J2_1", 1415, -745, "B", "DIP", "$1N2419", "", "C", 98.42, 98.42, 62.99, 0],
		[21, "J2_1", 1615, -745, "T", "DIP", "$1N2419", "", "C", 98.42, 98.42, 62.99, 0],
		[22, "J2_1", 1615, -745, "B", "DIP", "$1N2419", "", "C", 98.42, 98.42, 62.99, 0],
		[23, "U1_1", 1194.37, -745, "T", "DIP", "$1N1925", "", "R", 60, 60, 36, 180],
		[24, "U1_1", 1194.37, -745, "B", "DIP", "$1N1925", "", "R", 60, 60, 36, 180],
		[25, "U1_2", 1115.63, -745, "T", "DIP", "$1N2419", "", "C", 60, 60, 36, 180],
		[26, "U1_2", 1115.63, -745, "B", "DIP", "$1N2419", "", "C", 60, 60, 36, 180],
		[27, "U6_1", 905, -810, "T", "DIP", "$1N1925", "", "C", 78.74, 78.74, 51.18, 180],
		[28, "U6_1", 905, -810, "B", "DIP", "$1N1925", "", "C", 78.74, 78.74, 51.18, 180],
		[29, "U6_2", 805, -810, "T", "DIP", "$1N2419", "", "C", 78.74, 78.74, 51.18, 180],
		[30, "U6_2", 805, -810, "B", "DIP", "$1N2419", "", "C", 78.74, 78.74, 51.18, 180],
		[31, "U7_1", 1335, -1071.58, "T", "DIP", "$1N1925", "", "C", 70.87, 70.87, 51.18, 270],
		[32, "U7_1", 1335, -1071.58, "B", "DIP", "$1N1925", "", "C", 70.87, 70.87, 51.18, 270],
		[33, "U7_2", 1335, -1268.42, "T", "DIP", "U7_2", "", "C", 70.87, 70.87, 51.18, 270],
		[34, "U7_2", 1335, -1268.42, "B", "DIP", "U7_2", "", "C", 70.87, 70.87, 51.18, 270],
		[35, "U8_1", 1160, -1072.68, "T", "DIP", "$1N2419", "", "C", 70.87, 70.87, 51.18, 270],
		[36, "U8_1", 1160, -1072.68, "B", "DIP", "$1N2419", "", "C", 70.87, 70.87, 51.18, 270],
		[37, "U8_2", 1160, -1269.53, "T", "DIP", "U8_2", "", "C", 70.87, 70.87, 51.18, 270],
		[38, "U8_2", 1160, -1269.53, "B", "DIP", "U8_2", "", "C", 70.87, 70.87, 51.18, 270]
	]
}
}